{
  "test/flpSandboxMockServer.html": 1629117137244,
  "localService/mockserver.js": 1629117137240,
  "utils/locate-reuse-libs.js": 1629117137244,
  "test/changes_preview.js": 1629117137240,
  "test/changes_loader.js": 1629117137240,
  "manifest.json": 1629117137232,
  "Component.js": 1629117137228,
  "manifest-bundle.zip": 1629200107674,
  "Component-preload.js": 1629200107998,
  "localService/mockserver-dbg.js": 1629117137240,
  "test/changes_preview-dbg.js": 1629117137240,
  "test/changes_loader-dbg.js": 1629117137240,
  "utils/locate-reuse-libs-dbg.js": 1629117137244,
  "Component-dbg.js": 1629117137228,
  "i18n/i18n.properties": 1629117137236,
  "test/flpSandbox.html": 1629117137240,
  "localService/metadata.xml": 1629117137248,
  "localService/ZBIND_NF_DASH_V2_VAN.xml": 1629117137244,
  "annotations/annotation.xml": 1629117184064,
  "index.html": 1629117137232
}